,customer,vehicle_model,purchase_date,propulsion,range,price,country,industry,category
0,customer_16,modelB,2011-09-20 21:04:50,gas,500,40000,NO,retail,B
1,customer_16,modelB,2011-09-01 09:04:59,gas,500,40000,NO,retail,B
2,customer_16,modelB,2010-05-28 20:49:23,gas,500,40000,NO,retail,B
3,customer_16,modelB,2012-09-19 05:43:21,gas,500,40000,NO,retail,B
4,customer_16,modelB,2011-08-23 15:05:45,gas,500,40000,NO,retail,B
5,customer_16,modelB,2010-09-15 17:25:43,gas,500,40000,NO,retail,B
6,customer_16,modelB,2019-09-17 16:26:30,gas,500,40000,NO,retail,B
7,customer_16,modelB,2017-04-27 17:09:59,gas,500,40000,NO,retail,B
8,customer_16,modelB,2014-12-03 18:54:43,gas,500,40000,NO,retail,B
9,customer_16,modelB,2019-04-25 21:09:54,gas,500,40000,NO,retail,B
10,customer_16,modelC,2015-03-22 21:03:11,diesel,700,30000,NO,retail,B
11,customer_16,modelC,2018-10-27 10:30:22,diesel,700,30000,NO,retail,B
12,customer_16,modelC,2012-10-24 08:08:06,diesel,700,30000,NO,retail,B
13,customer_16,modelC,2010-08-20 03:54:32,diesel,700,30000,NO,retail,B
14,customer_16,modelC,2013-05-30 03:12:37,diesel,700,30000,NO,retail,B
15,customer_16,modelC,2017-08-19 20:38:05,diesel,700,30000,NO,retail,B
16,customer_16,modelC,2014-11-27 18:17:00,diesel,700,30000,NO,retail,B
17,customer_16,modelC,2012-10-26 13:50:00,diesel,700,30000,NO,retail,B
18,customer_16,modelC,2012-12-20 00:04:50,diesel,700,30000,NO,retail,B
19,customer_16,modelC,2011-06-23 07:48:29,diesel,700,30000,NO,retail,B
20,customer_16,modelC,2012-09-10 08:55:56,diesel,700,30000,NO,retail,B
21,customer_16,modelC,2013-03-25 05:15:51,diesel,700,30000,NO,retail,B
22,customer_16,modelC,2011-05-15 12:59:34,diesel,700,30000,NO,retail,B
23,customer_16,modelC,2017-11-28 19:21:37,diesel,700,30000,NO,retail,B
24,customer_16,modelC,2010-08-10 15:57:26,diesel,700,30000,NO,retail,B
25,customer_16,modelA,2015-02-12 22:01:03,electric,300,50000,NO,retail,B
26,customer_16,modelA,2018-07-06 05:14:18,electric,300,50000,NO,retail,B
27,customer_16,modelA,2019-04-21 06:28:39,electric,300,50000,NO,retail,B
28,customer_16,modelA,2015-05-20 02:17:48,electric,300,50000,NO,retail,B
29,customer_16,modelA,2016-09-28 09:45:44,electric,300,50000,NO,retail,B
30,customer_16,modelA,2010-07-04 14:03:48,electric,300,50000,NO,retail,B
31,customer_16,modelA,2019-05-21 09:20:00,electric,300,50000,NO,retail,B
32,customer_16,modelA,2019-03-10 00:22:14,electric,300,50000,NO,retail,B
33,customer_16,modelA,2015-05-14 13:02:45,electric,300,50000,NO,retail,B
34,customer_16,modelA,2011-12-20 02:46:10,electric,300,50000,NO,retail,B
35,customer_16,modelA,2013-12-30 01:56:57,electric,300,50000,NO,retail,B
36,customer_16,modelA,2019-07-26 01:46:45,electric,300,50000,NO,retail,B
37,customer_16,modelA,2010-05-10 17:59:16,electric,300,50000,NO,retail,B
38,customer_2,modelB,2019-08-24 21:04:56,gas,500,40000,NO,healthcare,C
39,customer_2,modelB,2016-09-09 09:16:13,gas,500,40000,NO,healthcare,C
40,customer_2,modelB,2015-02-17 03:33:19,gas,500,40000,NO,healthcare,C
41,customer_2,modelB,2014-09-17 23:29:17,gas,500,40000,NO,healthcare,C
42,customer_2,modelB,2013-11-14 14:52:15,gas,500,40000,NO,healthcare,C
43,customer_2,modelB,2014-03-25 20:00:41,gas,500,40000,NO,healthcare,C
44,customer_2,modelB,2011-07-12 06:54:44,gas,500,40000,NO,healthcare,C
45,customer_2,modelB,2019-08-03 20:20:51,gas,500,40000,NO,healthcare,C
46,customer_2,modelB,2019-03-25 14:11:18,gas,500,40000,NO,healthcare,C
47,customer_2,modelB,2011-07-11 18:11:13,gas,500,40000,NO,healthcare,C
48,customer_2,modelB,2016-03-04 07:55:18,gas,500,40000,NO,healthcare,C
49,customer_2,modelB,2018-07-25 05:46:21,gas,500,40000,NO,healthcare,C
50,customer_2,modelB,2013-03-21 02:44:47,gas,500,40000,NO,healthcare,C
51,customer_2,modelB,2010-07-06 15:39:36,gas,500,40000,NO,healthcare,C
52,customer_2,modelB,2012-03-13 00:16:28,gas,500,40000,NO,healthcare,C
53,customer_2,modelB,2014-07-11 21:28:53,gas,500,40000,NO,healthcare,C
54,customer_2,modelB,2019-09-30 01:28:56,gas,500,40000,NO,healthcare,C
55,customer_2,modelB,2019-09-19 22:29:17,gas,500,40000,NO,healthcare,C
56,customer_2,modelC,2015-02-24 10:43:04,diesel,700,30000,NO,healthcare,C
57,customer_2,modelC,2015-01-09 14:46:09,diesel,700,30000,NO,healthcare,C
58,customer_2,modelC,2015-04-29 19:02:03,diesel,700,30000,NO,healthcare,C
59,customer_2,modelC,2013-02-03 02:55:16,diesel,700,30000,NO,healthcare,C
60,customer_2,modelC,2011-07-01 14:39:40,diesel,700,30000,NO,healthcare,C
61,customer_2,modelC,2012-09-28 16:38:48,diesel,700,30000,NO,healthcare,C
62,customer_2,modelC,2014-06-11 09:32:16,diesel,700,30000,NO,healthcare,C
63,customer_2,modelC,2016-01-08 11:25:48,diesel,700,30000,NO,healthcare,C
64,customer_2,modelC,2012-01-22 11:55:22,diesel,700,30000,NO,healthcare,C
65,customer_2,modelC,2015-05-22 13:19:20,diesel,700,30000,NO,healthcare,C
66,customer_2,modelC,2012-08-12 13:55:21,diesel,700,30000,NO,healthcare,C
67,customer_2,modelC,2018-03-28 15:12:55,diesel,700,30000,NO,healthcare,C
68,customer_2,modelC,2017-10-20 00:27:15,diesel,700,30000,NO,healthcare,C
69,customer_2,modelC,2011-12-17 20:03:54,diesel,700,30000,NO,healthcare,C
70,customer_2,modelC,2017-04-02 10:15:48,diesel,700,30000,NO,healthcare,C
71,customer_2,modelA,2010-01-22 10:04:39,electric,300,50000,NO,healthcare,C
72,customer_2,modelA,2017-11-03 06:50:40,electric,300,50000,NO,healthcare,C
73,customer_2,modelA,2012-01-26 08:27:39,electric,300,50000,NO,healthcare,C
74,customer_2,modelA,2019-03-03 18:02:05,electric,300,50000,NO,healthcare,C
75,customer_2,modelA,2019-01-16 17:44:59,electric,300,50000,NO,healthcare,C
76,customer_2,modelA,2010-08-28 23:12:06,electric,300,50000,NO,healthcare,C
77,customer_2,modelA,2017-11-22 16:04:14,electric,300,50000,NO,healthcare,C
78,customer_2,modelA,2014-11-09 10:36:50,electric,300,50000,NO,healthcare,C
79,customer_2,modelA,2013-08-16 06:32:19,electric,300,50000,NO,healthcare,C
80,customer_2,modelA,2014-06-18 07:16:39,electric,300,50000,NO,healthcare,C
81,customer_2,modelA,2018-03-21 04:32:55,electric,300,50000,NO,healthcare,C
82,customer_2,modelA,2014-01-20 08:12:24,electric,300,50000,NO,healthcare,C
83,customer_2,modelA,2011-03-15 07:17:19,electric,300,50000,NO,healthcare,C
84,customer_10,modelB,2014-06-14 04:44:41,gas,500,40000,ES,healthcare,I
85,customer_10,modelB,2014-05-28 03:54:38,gas,500,40000,ES,healthcare,I
86,customer_10,modelB,2012-08-14 10:00:52,gas,500,40000,ES,healthcare,I
87,customer_10,modelB,2018-11-15 00:50:58,gas,500,40000,ES,healthcare,I
88,customer_10,modelB,2017-02-14 07:28:14,gas,500,40000,ES,healthcare,I
89,customer_10,modelB,2019-03-29 11:58:24,gas,500,40000,ES,healthcare,I
90,customer_10,modelB,2016-06-18 12:38:00,gas,500,40000,ES,healthcare,I
91,customer_10,modelB,2015-02-10 14:41:37,gas,500,40000,ES,healthcare,I
92,customer_10,modelB,2014-04-13 06:00:12,gas,500,40000,ES,healthcare,I
93,customer_10,modelB,2013-10-03 14:54:42,gas,500,40000,ES,healthcare,I
94,customer_10,modelB,2017-01-05 05:27:51,gas,500,40000,ES,healthcare,I
95,customer_10,modelB,2013-05-19 16:28:07,gas,500,40000,ES,healthcare,I
96,customer_10,modelC,2011-09-01 02:57:11,diesel,700,30000,ES,healthcare,I
97,customer_10,modelC,2018-08-08 08:35:51,diesel,700,30000,ES,healthcare,I
98,customer_10,modelC,2014-02-26 15:46:32,diesel,700,30000,ES,healthcare,I
99,customer_10,modelC,2015-07-06 08:45:21,diesel,700,30000,ES,healthcare,I
100,customer_10,modelC,2013-07-16 21:34:43,diesel,700,30000,ES,healthcare,I
101,customer_10,modelC,2012-03-26 00:12:34,diesel,700,30000,ES,healthcare,I
102,customer_10,modelC,2018-08-30 07:10:36,diesel,700,30000,ES,healthcare,I
103,customer_10,modelC,2011-06-16 16:17:19,diesel,700,30000,ES,healthcare,I
104,customer_10,modelC,2014-07-11 15:40:22,diesel,700,30000,ES,healthcare,I
105,customer_10,modelA,2013-01-11 14:32:17,electric,300,50000,ES,healthcare,I
106,customer_10,modelA,2010-08-18 17:06:23,electric,300,50000,ES,healthcare,I
107,customer_10,modelA,2016-09-13 00:39:05,electric,300,50000,ES,healthcare,I
108,customer_10,modelA,2011-02-17 18:37:55,electric,300,50000,ES,healthcare,I
109,customer_10,modelA,2019-01-19 20:58:47,electric,300,50000,ES,healthcare,I
110,customer_10,modelA,2015-08-08 23:05:51,electric,300,50000,ES,healthcare,I
111,customer_10,modelA,2010-08-05 18:37:05,electric,300,50000,ES,healthcare,I
112,customer_10,modelA,2016-11-19 20:26:53,electric,300,50000,ES,healthcare,I
113,customer_10,modelA,2016-05-19 14:56:36,electric,300,50000,ES,healthcare,I
114,customer_10,modelA,2011-09-18 23:33:53,electric,300,50000,ES,healthcare,I
115,customer_10,modelA,2015-08-12 20:28:02,electric,300,50000,ES,healthcare,I
116,customer_23,modelB,2019-05-13 10:23:35,gas,500,40000,US,finance,E
117,customer_23,modelB,2017-08-14 23:50:37,gas,500,40000,US,finance,E
118,customer_23,modelB,2012-05-17 16:39:16,gas,500,40000,US,finance,E
119,customer_23,modelB,2019-04-18 11:42:31,gas,500,40000,US,finance,E
120,customer_23,modelB,2015-07-31 10:22:15,gas,500,40000,US,finance,E
121,customer_23,modelB,2010-08-03 01:59:48,gas,500,40000,US,finance,E
122,customer_23,modelB,2018-09-26 15:01:12,gas,500,40000,US,finance,E
123,customer_23,modelB,2011-03-28 15:37:49,gas,500,40000,US,finance,E
124,customer_23,modelB,2014-05-09 04:59:21,gas,500,40000,US,finance,E
125,customer_23,modelB,2019-01-18 13:28:39,gas,500,40000,US,finance,E
126,customer_23,modelB,2013-01-20 13:50:45,gas,500,40000,US,finance,E
127,customer_23,modelB,2016-04-09 11:38:34,gas,500,40000,US,finance,E
128,customer_23,modelB,2011-09-13 03:54:47,gas,500,40000,US,finance,E
129,customer_23,modelB,2011-06-27 07:58:03,gas,500,40000,US,finance,E
130,customer_23,modelC,2017-12-30 23:08:36,diesel,700,30000,US,finance,E
131,customer_23,modelC,2014-06-20 19:36:28,diesel,700,30000,US,finance,E
132,customer_23,modelC,2019-03-07 11:36:30,diesel,700,30000,US,finance,E
133,customer_23,modelC,2018-08-14 04:22:41,diesel,700,30000,US,finance,E
134,customer_23,modelC,2011-09-24 05:01:36,diesel,700,30000,US,finance,E
135,customer_23,modelC,2015-04-26 03:14:47,diesel,700,30000,US,finance,E
136,customer_23,modelC,2010-04-24 14:38:48,diesel,700,30000,US,finance,E
137,customer_23,modelC,2019-08-05 04:37:17,diesel,700,30000,US,finance,E
138,customer_23,modelC,2015-06-19 05:56:57,diesel,700,30000,US,finance,E
139,customer_23,modelC,2016-06-13 19:35:06,diesel,700,30000,US,finance,E
140,customer_23,modelA,2014-12-08 03:13:43,electric,300,50000,US,finance,E
141,customer_23,modelA,2010-09-29 15:05:53,electric,300,50000,US,finance,E
142,customer_23,modelA,2014-11-20 16:12:58,electric,300,50000,US,finance,E
143,customer_23,modelA,2015-02-15 19:30:17,electric,300,50000,US,finance,E
144,customer_23,modelA,2010-12-28 22:13:51,electric,300,50000,US,finance,E
145,customer_23,modelA,2015-07-27 07:35:13,electric,300,50000,US,finance,E
146,customer_23,modelA,2019-09-18 08:39:52,electric,300,50000,US,finance,E
147,customer_23,modelA,2016-02-19 12:09:40,electric,300,50000,US,finance,E
148,customer_23,modelA,2015-11-01 05:37:23,electric,300,50000,US,finance,E
149,customer_23,modelA,2019-09-15 06:38:21,electric,300,50000,US,finance,E
150,customer_23,modelA,2017-09-26 20:26:39,electric,300,50000,US,finance,E
151,customer_23,modelA,2013-10-15 18:03:31,electric,300,50000,US,finance,E
152,customer_9,modelB,2015-05-15 14:06:28,gas,500,40000,FR,retail,B
153,customer_9,modelB,2013-06-21 07:45:59,gas,500,40000,FR,retail,B
154,customer_9,modelB,2015-10-04 15:00:31,gas,500,40000,FR,retail,B
155,customer_9,modelB,2012-09-13 06:28:27,gas,500,40000,FR,retail,B
156,customer_9,modelB,2017-08-08 08:56:18,gas,500,40000,FR,retail,B
157,customer_9,modelB,2017-01-16 19:47:00,gas,500,40000,FR,retail,B
158,customer_9,modelB,2010-07-24 17:42:07,gas,500,40000,FR,retail,B
159,customer_9,modelB,2012-06-08 19:31:53,gas,500,40000,FR,retail,B
160,customer_9,modelB,2010-10-15 19:45:47,gas,500,40000,FR,retail,B
161,customer_9,modelC,2010-03-28 06:19:11,diesel,700,30000,FR,retail,B
162,customer_9,modelC,2019-10-11 07:08:55,diesel,700,30000,FR,retail,B
163,customer_9,modelC,2016-08-26 01:01:39,diesel,700,30000,FR,retail,B
164,customer_9,modelC,2015-03-08 03:48:56,diesel,700,30000,FR,retail,B
165,customer_9,modelC,2011-09-08 04:33:13,diesel,700,30000,FR,retail,B
166,customer_9,modelC,2015-06-05 02:08:00,diesel,700,30000,FR,retail,B
167,customer_9,modelC,2014-11-16 03:09:56,diesel,700,30000,FR,retail,B
168,customer_9,modelC,2016-06-01 23:18:17,diesel,700,30000,FR,retail,B
169,customer_9,modelC,2013-08-26 01:27:24,diesel,700,30000,FR,retail,B
170,customer_9,modelC,2016-11-15 14:41:35,diesel,700,30000,FR,retail,B
171,customer_9,modelA,2015-01-28 03:25:47,electric,300,50000,FR,retail,B
172,customer_9,modelA,2012-02-15 09:09:45,electric,300,50000,FR,retail,B
173,customer_9,modelA,2018-01-04 12:50:13,electric,300,50000,FR,retail,B
174,customer_9,modelA,2010-07-22 05:37:30,electric,300,50000,FR,retail,B
175,customer_9,modelA,2010-04-28 01:45:32,electric,300,50000,FR,retail,B
176,customer_9,modelA,2017-12-07 09:26:07,electric,300,50000,FR,retail,B
177,customer_9,modelA,2013-08-04 21:40:15,electric,300,50000,FR,retail,B
178,customer_9,modelA,2011-02-13 07:36:39,electric,300,50000,FR,retail,B
179,customer_9,modelA,2015-05-20 16:29:00,electric,300,50000,FR,retail,B
180,customer_9,modelA,2016-03-19 10:48:43,electric,300,50000,FR,retail,B
181,customer_9,modelA,2013-03-02 06:19:17,electric,300,50000,FR,retail,B
182,customer_6,modelB,2010-07-31 10:55:06,gas,500,40000,UK,finance,C
183,customer_6,modelB,2019-08-13 17:56:18,gas,500,40000,UK,finance,C
184,customer_6,modelB,2010-10-25 04:53:44,gas,500,40000,UK,finance,C
185,customer_6,modelB,2019-05-03 18:25:40,gas,500,40000,UK,finance,C
186,customer_6,modelB,2017-09-06 04:12:06,gas,500,40000,UK,finance,C
187,customer_6,modelB,2011-06-17 01:31:54,gas,500,40000,UK,finance,C
188,customer_6,modelB,2010-11-27 23:56:06,gas,500,40000,UK,finance,C
189,customer_6,modelB,2019-01-28 09:40:33,gas,500,40000,UK,finance,C
190,customer_6,modelB,2019-06-25 19:10:07,gas,500,40000,UK,finance,C
191,customer_6,modelB,2015-09-17 11:14:42,gas,500,40000,UK,finance,C
192,customer_6,modelB,2011-05-24 08:44:40,gas,500,40000,UK,finance,C
193,customer_6,modelB,2017-07-18 17:34:35,gas,500,40000,UK,finance,C
194,customer_6,modelB,2011-02-16 17:15:51,gas,500,40000,UK,finance,C
195,customer_6,modelB,2017-03-01 17:05:49,gas,500,40000,UK,finance,C
196,customer_6,modelB,2018-06-18 09:13:21,gas,500,40000,UK,finance,C
197,customer_6,modelC,2015-06-16 11:43:29,diesel,700,30000,UK,finance,C
198,customer_6,modelC,2011-03-05 00:22:34,diesel,700,30000,UK,finance,C
199,customer_6,modelC,2015-09-20 13:42:19,diesel,700,30000,UK,finance,C
200,customer_6,modelC,2019-05-05 07:23:35,diesel,700,30000,UK,finance,C
201,customer_6,modelC,2018-05-07 10:47:40,diesel,700,30000,UK,finance,C
202,customer_6,modelC,2015-08-29 04:45:08,diesel,700,30000,UK,finance,C
203,customer_6,modelC,2010-08-28 16:31:00,diesel,700,30000,UK,finance,C
204,customer_6,modelC,2015-07-27 03:05:02,diesel,700,30000,UK,finance,C
205,customer_6,modelC,2013-01-09 13:04:22,diesel,700,30000,UK,finance,C
206,customer_6,modelC,2016-05-30 22:20:25,diesel,700,30000,UK,finance,C
207,customer_6,modelC,2010-10-23 07:43:27,diesel,700,30000,UK,finance,C
208,customer_6,modelC,2013-02-02 20:48:18,diesel,700,30000,UK,finance,C
209,customer_6,modelC,2018-04-25 10:03:13,diesel,700,30000,UK,finance,C
210,customer_6,modelC,2019-03-09 18:04:18,diesel,700,30000,UK,finance,C
211,customer_6,modelC,2011-07-24 15:37:29,diesel,700,30000,UK,finance,C
212,customer_6,modelC,2012-08-10 16:12:28,diesel,700,30000,UK,finance,C
213,customer_6,modelC,2015-07-23 06:04:22,diesel,700,30000,UK,finance,C
214,customer_6,modelC,2013-10-16 20:24:31,diesel,700,30000,UK,finance,C
215,customer_6,modelA,2019-03-20 14:11:24,electric,300,50000,UK,finance,C
216,customer_6,modelA,2013-08-11 07:32:13,electric,300,50000,UK,finance,C
217,customer_6,modelA,2019-03-22 18:37:18,electric,300,50000,UK,finance,C
218,customer_6,modelA,2014-08-14 03:53:38,electric,300,50000,UK,finance,C
219,customer_6,modelA,2016-06-23 23:58:47,electric,300,50000,UK,finance,C
220,customer_6,modelA,2011-08-10 05:40:06,electric,300,50000,UK,finance,C
221,customer_6,modelA,2010-07-26 14:37:30,electric,300,50000,UK,finance,C
222,customer_6,modelA,2019-06-20 14:56:03,electric,300,50000,UK,finance,C
223,customer_6,modelA,2016-03-05 07:51:01,electric,300,50000,UK,finance,C
224,customer_6,modelA,2013-02-09 00:35:37,electric,300,50000,UK,finance,C
225,customer_6,modelA,2012-12-16 14:59:35,electric,300,50000,UK,finance,C
226,customer_21,modelB,2014-08-20 22:44:38,gas,500,40000,SE,other,G
227,customer_21,modelB,2014-10-28 00:05:09,gas,500,40000,SE,other,G
228,customer_21,modelB,2017-03-26 20:53:10,gas,500,40000,SE,other,G
229,customer_21,modelB,2013-07-28 21:30:56,gas,500,40000,SE,other,G
230,customer_21,modelB,2011-01-12 09:56:11,gas,500,40000,SE,other,G
231,customer_21,modelB,2019-07-20 18:19:32,gas,500,40000,SE,other,G
232,customer_21,modelB,2018-12-17 13:08:47,gas,500,40000,SE,other,G
233,customer_21,modelB,2017-04-13 10:38:33,gas,500,40000,SE,other,G
234,customer_21,modelB,2011-07-31 07:18:16,gas,500,40000,SE,other,G
235,customer_21,modelB,2014-08-28 17:05:06,gas,500,40000,SE,other,G
236,customer_21,modelB,2015-08-06 13:13:35,gas,500,40000,SE,other,G
237,customer_21,modelB,2012-02-29 13:01:07,gas,500,40000,SE,other,G
238,customer_21,modelB,2013-12-12 16:41:31,gas,500,40000,SE,other,G
239,customer_21,modelC,2012-04-02 17:46:38,diesel,700,30000,SE,other,G
240,customer_21,modelC,2017-11-10 19:11:26,diesel,700,30000,SE,other,G
241,customer_21,modelC,2015-10-16 05:50:05,diesel,700,30000,SE,other,G
242,customer_21,modelC,2013-04-23 21:18:02,diesel,700,30000,SE,other,G
243,customer_21,modelC,2017-06-16 17:34:58,diesel,700,30000,SE,other,G
244,customer_21,modelC,2017-03-05 13:32:39,diesel,700,30000,SE,other,G
245,customer_21,modelC,2017-12-19 17:20:44,diesel,700,30000,SE,other,G
246,customer_21,modelC,2019-12-30 11:08:19,diesel,700,30000,SE,other,G
247,customer_21,modelC,2019-04-12 01:45:45,diesel,700,30000,SE,other,G
248,customer_21,modelC,2019-09-08 12:26:31,diesel,700,30000,SE,other,G
249,customer_21,modelC,2015-07-11 13:49:44,diesel,700,30000,SE,other,G
250,customer_21,modelC,2019-04-04 02:13:06,diesel,700,30000,SE,other,G
251,customer_21,modelC,2015-10-29 17:16:24,diesel,700,30000,SE,other,G
252,customer_21,modelC,2016-11-23 22:05:46,diesel,700,30000,SE,other,G
253,customer_21,modelC,2014-03-11 23:59:49,diesel,700,30000,SE,other,G
254,customer_21,modelC,2014-09-18 03:17:06,diesel,700,30000,SE,other,G
255,customer_21,modelA,2015-06-22 16:47:14,electric,300,50000,SE,other,G
256,customer_21,modelA,2011-05-19 10:52:47,electric,300,50000,SE,other,G
257,customer_21,modelA,2017-03-15 20:22:46,electric,300,50000,SE,other,G
258,customer_21,modelA,2019-11-23 13:06:16,electric,300,50000,SE,other,G
259,customer_21,modelA,2016-04-01 01:53:02,electric,300,50000,SE,other,G
260,customer_21,modelA,2010-05-02 21:06:15,electric,300,50000,SE,other,G
261,customer_21,modelA,2013-12-17 05:57:39,electric,300,50000,SE,other,G
262,customer_21,modelA,2012-02-12 01:42:13,electric,300,50000,SE,other,G
263,customer_21,modelA,2017-11-27 01:39:36,electric,300,50000,SE,other,G
264,customer_21,modelA,2012-12-06 10:11:50,electric,300,50000,SE,other,G
265,customer_21,modelA,2011-04-16 18:00:33,electric,300,50000,SE,other,G
266,customer_21,modelA,2013-07-05 18:46:59,electric,300,50000,SE,other,G
267,customer_21,modelA,2013-09-18 05:30:57,electric,300,50000,SE,other,G
268,customer_21,modelA,2013-02-17 01:51:36,electric,300,50000,SE,other,G
269,customer_21,modelA,2019-02-03 14:53:19,electric,300,50000,SE,other,G
270,customer_21,modelA,2018-02-03 00:29:44,electric,300,50000,SE,other,G
271,customer_21,modelA,2012-05-29 15:32:52,electric,300,50000,SE,other,G
272,customer_21,modelA,2018-11-06 17:56:33,electric,300,50000,SE,other,G
273,customer_20,modelB,2017-03-17 16:36:01,gas,500,40000,ES,retail,D
274,customer_20,modelB,2017-11-18 21:46:10,gas,500,40000,ES,retail,D
275,customer_20,modelB,2011-10-17 23:23:20,gas,500,40000,ES,retail,D
276,customer_20,modelB,2016-06-20 04:15:56,gas,500,40000,ES,retail,D
277,customer_20,modelB,2010-12-21 08:45:03,gas,500,40000,ES,retail,D
278,customer_20,modelB,2014-07-28 16:33:15,gas,500,40000,ES,retail,D
279,customer_20,modelB,2017-03-22 09:04:12,gas,500,40000,ES,retail,D
280,customer_20,modelB,2017-11-22 08:27:15,gas,500,40000,ES,retail,D
281,customer_20,modelB,2013-11-09 01:23:36,gas,500,40000,ES,retail,D
282,customer_20,modelB,2011-06-16 19:27:13,gas,500,40000,ES,retail,D
283,customer_20,modelB,2016-02-01 21:14:45,gas,500,40000,ES,retail,D
284,customer_20,modelB,2019-03-18 23:05:19,gas,500,40000,ES,retail,D
285,customer_20,modelB,2017-01-28 23:28:40,gas,500,40000,ES,retail,D
286,customer_20,modelB,2017-11-11 17:55:29,gas,500,40000,ES,retail,D
287,customer_20,modelB,2015-04-17 06:12:01,gas,500,40000,ES,retail,D
288,customer_20,modelB,2018-05-24 17:59:05,gas,500,40000,ES,retail,D
289,customer_20,modelB,2018-09-08 15:30:33,gas,500,40000,ES,retail,D
290,customer_20,modelC,2016-12-03 00:48:11,diesel,700,30000,ES,retail,D
291,customer_20,modelC,2011-04-06 11:49:52,diesel,700,30000,ES,retail,D
292,customer_20,modelC,2017-10-02 22:34:47,diesel,700,30000,ES,retail,D
293,customer_20,modelC,2012-07-21 13:28:01,diesel,700,30000,ES,retail,D
294,customer_20,modelC,2013-02-08 01:07:34,diesel,700,30000,ES,retail,D
295,customer_20,modelC,2018-07-24 14:41:46,diesel,700,30000,ES,retail,D
296,customer_20,modelC,2012-09-30 02:30:34,diesel,700,30000,ES,retail,D
297,customer_20,modelC,2013-07-09 10:19:45,diesel,700,30000,ES,retail,D
298,customer_20,modelC,2017-01-16 20:18:27,diesel,700,30000,ES,retail,D
299,customer_20,modelC,2019-09-26 05:25:52,diesel,700,30000,ES,retail,D
300,customer_20,modelC,2013-10-05 13:00:10,diesel,700,30000,ES,retail,D
301,customer_20,modelC,2018-01-10 18:02:19,diesel,700,30000,ES,retail,D
302,customer_20,modelC,2019-08-31 13:05:58,diesel,700,30000,ES,retail,D
303,customer_20,modelC,2013-01-18 15:49:33,diesel,700,30000,ES,retail,D
304,customer_20,modelC,2010-10-08 00:12:48,diesel,700,30000,ES,retail,D
305,customer_20,modelC,2019-11-21 18:44:37,diesel,700,30000,ES,retail,D
306,customer_20,modelC,2012-09-05 12:54:15,diesel,700,30000,ES,retail,D
307,customer_20,modelC,2014-02-04 22:22:56,diesel,700,30000,ES,retail,D
308,customer_20,modelC,2016-05-20 07:17:55,diesel,700,30000,ES,retail,D
309,customer_20,modelA,2016-08-30 06:22:15,electric,300,50000,ES,retail,D
310,customer_20,modelA,2012-02-03 05:21:36,electric,300,50000,ES,retail,D
311,customer_20,modelA,2018-10-03 15:28:08,electric,300,50000,ES,retail,D
312,customer_20,modelA,2010-04-23 12:06:05,electric,300,50000,ES,retail,D
313,customer_20,modelA,2015-06-04 16:07:37,electric,300,50000,ES,retail,D
314,customer_20,modelA,2019-06-28 08:26:12,electric,300,50000,ES,retail,D
315,customer_20,modelA,2010-12-20 16:55:34,electric,300,50000,ES,retail,D
316,customer_20,modelA,2019-12-23 02:57:22,electric,300,50000,ES,retail,D
317,customer_20,modelA,2018-10-11 20:53:52,electric,300,50000,ES,retail,D
318,customer_13,modelB,2014-03-21 00:24:07,gas,500,40000,NO,retail,A
319,customer_13,modelB,2017-11-28 04:52:24,gas,500,40000,NO,retail,A
320,customer_13,modelB,2019-11-22 15:57:21,gas,500,40000,NO,retail,A
321,customer_13,modelB,2017-04-23 15:50:22,gas,500,40000,NO,retail,A
322,customer_13,modelB,2019-03-01 17:09:11,gas,500,40000,NO,retail,A
323,customer_13,modelB,2016-02-18 01:42:01,gas,500,40000,NO,retail,A
324,customer_13,modelB,2018-04-16 07:27:40,gas,500,40000,NO,retail,A
325,customer_13,modelB,2013-11-11 00:24:39,gas,500,40000,NO,retail,A
326,customer_13,modelB,2019-04-07 04:12:52,gas,500,40000,NO,retail,A
327,customer_13,modelC,2015-04-13 21:50:22,diesel,700,30000,NO,retail,A
328,customer_13,modelC,2014-08-08 08:33:24,diesel,700,30000,NO,retail,A
329,customer_13,modelC,2019-05-08 11:30:02,diesel,700,30000,NO,retail,A
330,customer_13,modelC,2016-10-28 21:45:51,diesel,700,30000,NO,retail,A
331,customer_13,modelC,2012-04-21 16:59:56,diesel,700,30000,NO,retail,A
332,customer_13,modelC,2013-02-28 15:06:52,diesel,700,30000,NO,retail,A
333,customer_13,modelC,2017-10-28 20:16:52,diesel,700,30000,NO,retail,A
334,customer_13,modelC,2012-07-02 09:41:50,diesel,700,30000,NO,retail,A
335,customer_13,modelC,2013-08-03 21:58:53,diesel,700,30000,NO,retail,A
336,customer_13,modelC,2016-05-15 05:21:31,diesel,700,30000,NO,retail,A
337,customer_13,modelC,2014-09-02 16:26:02,diesel,700,30000,NO,retail,A
338,customer_13,modelC,2010-10-25 13:25:08,diesel,700,30000,NO,retail,A
339,customer_13,modelC,2014-05-23 16:48:50,diesel,700,30000,NO,retail,A
340,customer_13,modelA,2015-09-11 03:40:07,electric,300,50000,NO,retail,A
341,customer_13,modelA,2018-03-31 00:58:51,electric,300,50000,NO,retail,A
342,customer_13,modelA,2015-03-26 18:37:23,electric,300,50000,NO,retail,A
343,customer_13,modelA,2014-07-31 10:29:28,electric,300,50000,NO,retail,A
344,customer_13,modelA,2014-05-21 18:18:40,electric,300,50000,NO,retail,A
345,customer_13,modelA,2010-09-16 20:20:34,electric,300,50000,NO,retail,A
346,customer_13,modelA,2017-01-08 04:50:43,electric,300,50000,NO,retail,A
347,customer_13,modelA,2010-07-13 03:39:22,electric,300,50000,NO,retail,A
348,customer_13,modelA,2014-09-26 07:50:58,electric,300,50000,NO,retail,A
349,customer_13,modelA,2013-04-19 08:43:07,electric,300,50000,NO,retail,A
350,customer_13,modelA,2018-02-02 20:59:25,electric,300,50000,NO,retail,A
351,customer_13,modelA,2018-12-06 09:47:00,electric,300,50000,NO,retail,A
352,customer_14,modelB,2018-07-02 07:44:08,gas,500,40000,ES,finance,G
353,customer_14,modelB,2013-07-03 01:04:26,gas,500,40000,ES,finance,G
354,customer_14,modelB,2015-10-02 21:00:22,gas,500,40000,ES,finance,G
355,customer_14,modelB,2015-08-11 10:25:30,gas,500,40000,ES,finance,G
356,customer_14,modelB,2011-08-21 09:09:32,gas,500,40000,ES,finance,G
357,customer_14,modelB,2010-05-19 13:31:27,gas,500,40000,ES,finance,G
358,customer_14,modelB,2018-01-03 18:58:02,gas,500,40000,ES,finance,G
359,customer_14,modelB,2017-05-28 08:44:13,gas,500,40000,ES,finance,G
360,customer_14,modelB,2017-05-06 13:14:26,gas,500,40000,ES,finance,G
361,customer_14,modelB,2012-12-28 02:30:30,gas,500,40000,ES,finance,G
362,customer_14,modelB,2016-11-09 10:18:14,gas,500,40000,ES,finance,G
363,customer_14,modelB,2013-06-30 00:43:38,gas,500,40000,ES,finance,G
364,customer_14,modelB,2016-02-10 18:08:22,gas,500,40000,ES,finance,G
365,customer_14,modelB,2014-06-14 13:43:17,gas,500,40000,ES,finance,G
366,customer_14,modelB,2015-12-06 17:13:08,gas,500,40000,ES,finance,G
367,customer_14,modelC,2014-10-11 10:42:20,diesel,700,30000,ES,finance,G
368,customer_14,modelC,2018-04-27 16:32:48,diesel,700,30000,ES,finance,G
369,customer_14,modelC,2019-01-13 19:10:49,diesel,700,30000,ES,finance,G
370,customer_14,modelC,2016-10-17 06:19:24,diesel,700,30000,ES,finance,G
371,customer_14,modelC,2018-07-01 15:50:57,diesel,700,30000,ES,finance,G
372,customer_14,modelC,2010-01-28 06:54:28,diesel,700,30000,ES,finance,G
373,customer_14,modelA,2013-08-18 16:00:54,electric,300,50000,ES,finance,G
374,customer_14,modelA,2013-08-08 07:38:41,electric,300,50000,ES,finance,G
375,customer_14,modelA,2017-04-03 11:41:02,electric,300,50000,ES,finance,G
376,customer_14,modelA,2010-10-31 21:33:32,electric,300,50000,ES,finance,G
377,customer_14,modelA,2011-05-18 21:11:18,electric,300,50000,ES,finance,G
378,customer_14,modelA,2016-03-26 19:17:24,electric,300,50000,ES,finance,G
379,customer_14,modelA,2016-08-25 22:10:47,electric,300,50000,ES,finance,G
380,customer_14,modelA,2017-03-10 03:18:40,electric,300,50000,ES,finance,G
381,customer_14,modelA,2012-06-17 01:47:47,electric,300,50000,ES,finance,G
382,customer_14,modelA,2010-12-03 15:04:24,electric,300,50000,ES,finance,G
383,customer_14,modelA,2013-06-21 08:16:07,electric,300,50000,ES,finance,G
384,customer_14,modelA,2011-07-15 17:38:28,electric,300,50000,ES,finance,G
385,customer_14,modelA,2011-05-26 07:47:33,electric,300,50000,ES,finance,G
386,customer_14,modelA,2018-12-22 02:56:34,electric,300,50000,ES,finance,G
387,customer_14,modelA,2019-04-13 06:47:45,electric,300,50000,ES,finance,G
388,customer_14,modelA,2010-09-24 09:44:17,electric,300,50000,ES,finance,G
389,customer_14,modelA,2014-10-18 08:21:55,electric,300,50000,ES,finance,G
390,customer_1,modelB,2018-03-23 20:05:47,gas,500,40000,UK,finance,E
391,customer_1,modelB,2010-07-31 22:25:04,gas,500,40000,UK,finance,E
392,customer_1,modelB,2016-09-06 07:20:04,gas,500,40000,UK,finance,E
393,customer_1,modelB,2010-08-17 21:08:20,gas,500,40000,UK,finance,E
394,customer_1,modelC,2017-09-03 19:15:52,diesel,700,30000,UK,finance,E
395,customer_1,modelC,2013-09-13 06:29:30,diesel,700,30000,UK,finance,E
396,customer_1,modelC,2017-06-09 20:10:09,diesel,700,30000,UK,finance,E
397,customer_1,modelC,2012-10-21 22:37:26,diesel,700,30000,UK,finance,E
398,customer_1,modelC,2013-11-19 01:36:46,diesel,700,30000,UK,finance,E
399,customer_1,modelC,2015-03-22 04:48:19,diesel,700,30000,UK,finance,E
400,customer_1,modelC,2013-04-05 07:12:55,diesel,700,30000,UK,finance,E
401,customer_1,modelC,2015-10-27 20:46:52,diesel,700,30000,UK,finance,E
402,customer_1,modelC,2017-12-29 13:41:38,diesel,700,30000,UK,finance,E
403,customer_1,modelC,2013-06-24 16:40:01,diesel,700,30000,UK,finance,E
404,customer_1,modelC,2013-02-22 17:49:02,diesel,700,30000,UK,finance,E
405,customer_1,modelC,2014-12-06 05:38:54,diesel,700,30000,UK,finance,E
406,customer_1,modelC,2014-01-18 23:53:27,diesel,700,30000,UK,finance,E
407,customer_1,modelC,2015-04-15 22:06:24,diesel,700,30000,UK,finance,E
408,customer_1,modelC,2015-01-17 18:26:18,diesel,700,30000,UK,finance,E
409,customer_1,modelC,2015-10-13 19:11:07,diesel,700,30000,UK,finance,E
410,customer_1,modelA,2019-08-02 13:20:03,electric,300,50000,UK,finance,E
411,customer_1,modelA,2013-10-30 07:51:25,electric,300,50000,UK,finance,E
412,customer_1,modelA,2011-10-24 09:11:58,electric,300,50000,UK,finance,E
413,customer_1,modelA,2017-05-22 11:49:15,electric,300,50000,UK,finance,E
414,customer_1,modelA,2012-09-30 02:13:54,electric,300,50000,UK,finance,E
415,customer_1,modelA,2019-03-20 21:52:25,electric,300,50000,UK,finance,E
416,customer_1,modelA,2018-12-21 12:03:25,electric,300,50000,UK,finance,E
417,customer_1,modelA,2010-11-24 01:14:36,electric,300,50000,UK,finance,E
418,customer_1,modelA,2016-05-31 12:52:12,electric,300,50000,UK,finance,E
419,customer_1,modelA,2019-01-19 21:43:58,electric,300,50000,UK,finance,E
420,customer_1,modelA,2018-10-14 01:57:53,electric,300,50000,UK,finance,E
421,customer_11,modelB,2019-06-06 18:13:10,gas,500,40000,SE,education,G
422,customer_11,modelB,2018-12-01 22:26:40,gas,500,40000,SE,education,G
423,customer_11,modelB,2016-03-30 18:18:41,gas,500,40000,SE,education,G
424,customer_11,modelB,2013-02-26 19:12:02,gas,500,40000,SE,education,G
425,customer_11,modelB,2012-06-27 23:24:58,gas,500,40000,SE,education,G
426,customer_11,modelB,2012-08-01 04:48:06,gas,500,40000,SE,education,G
427,customer_11,modelB,2016-01-23 18:29:34,gas,500,40000,SE,education,G
428,customer_11,modelB,2014-10-08 15:07:02,gas,500,40000,SE,education,G
429,customer_11,modelB,2015-02-16 05:05:53,gas,500,40000,SE,education,G
430,customer_11,modelB,2018-08-20 14:14:45,gas,500,40000,SE,education,G
431,customer_11,modelB,2012-07-17 10:48:41,gas,500,40000,SE,education,G
432,customer_11,modelB,2010-01-16 07:40:22,gas,500,40000,SE,education,G
433,customer_11,modelB,2010-06-21 17:30:35,gas,500,40000,SE,education,G
434,customer_11,modelB,2018-02-24 05:38:25,gas,500,40000,SE,education,G
435,customer_11,modelB,2018-07-28 22:38:30,gas,500,40000,SE,education,G
436,customer_11,modelB,2015-03-11 00:13:18,gas,500,40000,SE,education,G
437,customer_11,modelB,2011-04-10 14:17:28,gas,500,40000,SE,education,G
438,customer_11,modelB,2017-01-15 06:28:03,gas,500,40000,SE,education,G
439,customer_11,modelB,2013-01-06 11:24:39,gas,500,40000,SE,education,G
440,customer_11,modelC,2019-09-05 16:59:27,diesel,700,30000,SE,education,G
441,customer_11,modelC,2010-09-18 19:52:26,diesel,700,30000,SE,education,G
442,customer_11,modelC,2011-09-25 09:18:17,diesel,700,30000,SE,education,G
443,customer_11,modelC,2010-11-07 02:53:39,diesel,700,30000,SE,education,G
444,customer_11,modelC,2015-03-23 00:09:44,diesel,700,30000,SE,education,G
445,customer_11,modelC,2016-12-07 13:32:57,diesel,700,30000,SE,education,G
446,customer_11,modelC,2017-08-12 09:31:01,diesel,700,30000,SE,education,G
447,customer_11,modelC,2018-08-19 04:52:33,diesel,700,30000,SE,education,G
448,customer_11,modelC,2018-09-07 13:30:42,diesel,700,30000,SE,education,G
449,customer_11,modelC,2016-04-13 06:00:38,diesel,700,30000,SE,education,G
450,customer_11,modelC,2010-08-25 18:58:35,diesel,700,30000,SE,education,G
451,customer_11,modelC,2019-04-23 17:09:20,diesel,700,30000,SE,education,G
452,customer_11,modelC,2018-06-30 04:21:13,diesel,700,30000,SE,education,G
453,customer_11,modelA,2011-06-23 05:29:51,electric,300,50000,SE,education,G
454,customer_11,modelA,2017-07-22 12:38:35,electric,300,50000,SE,education,G
455,customer_11,modelA,2015-01-27 13:32:00,electric,300,50000,SE,education,G
456,customer_11,modelA,2010-12-01 13:25:35,electric,300,50000,SE,education,G
457,customer_11,modelA,2019-01-14 21:17:10,electric,300,50000,SE,education,G
458,customer_11,modelA,2017-01-02 15:10:18,electric,300,50000,SE,education,G
459,customer_11,modelA,2011-03-27 00:06:34,electric,300,50000,SE,education,G
460,customer_11,modelA,2012-10-01 20:08:02,electric,300,50000,SE,education,G
461,customer_11,modelA,2018-02-08 05:54:06,electric,300,50000,SE,education,G
462,customer_0,modelB,2019-08-10 02:41:07,gas,500,40000,IT,tech,B
463,customer_0,modelB,2015-04-26 10:52:14,gas,500,40000,IT,tech,B
464,customer_0,modelB,2010-01-12 06:41:58,gas,500,40000,IT,tech,B
465,customer_0,modelB,2014-05-27 08:06:50,gas,500,40000,IT,tech,B
466,customer_0,modelB,2011-08-27 19:35:03,gas,500,40000,IT,tech,B
467,customer_0,modelB,2012-10-26 16:17:14,gas,500,40000,IT,tech,B
468,customer_0,modelB,2015-07-16 03:30:32,gas,500,40000,IT,tech,B
469,customer_0,modelB,2014-10-06 20:20:06,gas,500,40000,IT,tech,B
470,customer_0,modelB,2017-02-15 19:29:22,gas,500,40000,IT,tech,B
471,customer_0,modelB,2019-11-16 15:16:02,gas,500,40000,IT,tech,B
472,customer_0,modelB,2016-02-18 20:17:04,gas,500,40000,IT,tech,B
473,customer_0,modelB,2012-08-07 13:12:52,gas,500,40000,IT,tech,B
474,customer_0,modelB,2014-09-22 08:25:00,gas,500,40000,IT,tech,B
475,customer_0,modelB,2019-12-21 16:54:55,gas,500,40000,IT,tech,B
476,customer_0,modelB,2012-08-05 04:38:43,gas,500,40000,IT,tech,B
477,customer_0,modelB,2011-05-11 20:06:26,gas,500,40000,IT,tech,B
478,customer_0,modelB,2019-12-21 18:01:26,gas,500,40000,IT,tech,B
479,customer_0,modelC,2019-08-23 03:38:27,diesel,700,30000,IT,tech,B
480,customer_0,modelC,2010-09-10 19:08:58,diesel,700,30000,IT,tech,B
481,customer_0,modelC,2016-10-12 22:32:24,diesel,700,30000,IT,tech,B
482,customer_0,modelC,2012-01-25 22:32:38,diesel,700,30000,IT,tech,B
483,customer_0,modelC,2011-04-09 05:39:48,diesel,700,30000,IT,tech,B
484,customer_0,modelC,2019-07-29 09:33:37,diesel,700,30000,IT,tech,B
485,customer_0,modelC,2016-12-07 10:03:25,diesel,700,30000,IT,tech,B
486,customer_0,modelC,2010-04-09 08:05:19,diesel,700,30000,IT,tech,B
487,customer_0,modelC,2013-02-18 23:04:10,diesel,700,30000,IT,tech,B
488,customer_0,modelC,2010-04-24 12:58:41,diesel,700,30000,IT,tech,B
489,customer_0,modelA,2014-05-21 02:34:00,electric,300,50000,IT,tech,B
490,customer_0,modelA,2015-04-26 20:32:09,electric,300,50000,IT,tech,B
491,customer_0,modelA,2017-10-14 03:07:22,electric,300,50000,IT,tech,B
492,customer_0,modelA,2016-08-06 05:42:35,electric,300,50000,IT,tech,B
493,customer_0,modelA,2011-05-02 04:27:08,electric,300,50000,IT,tech,B
494,customer_0,modelA,2011-03-19 10:25:51,electric,300,50000,IT,tech,B
495,customer_0,modelA,2014-12-06 11:22:39,electric,300,50000,IT,tech,B
496,customer_0,modelA,2014-12-04 07:04:58,electric,300,50000,IT,tech,B
497,customer_0,modelA,2016-03-14 19:11:53,electric,300,50000,IT,tech,B
498,customer_0,modelA,2011-01-14 07:41:47,electric,300,50000,IT,tech,B
499,customer_0,modelA,2011-09-07 06:04:58,electric,300,50000,IT,tech,B
500,customer_0,modelA,2018-08-15 10:31:16,electric,300,50000,IT,tech,B
501,customer_0,modelA,2010-02-13 12:40:00,electric,300,50000,IT,tech,B
502,customer_0,modelA,2010-09-29 20:33:14,electric,300,50000,IT,tech,B
503,customer_0,modelA,2013-07-18 19:04:10,electric,300,50000,IT,tech,B
504,customer_0,modelA,2018-09-12 18:20:29,electric,300,50000,IT,tech,B
505,customer_0,modelA,2014-06-03 12:51:35,electric,300,50000,IT,tech,B
506,customer_8,modelB,2012-12-07 09:30:27,gas,500,40000,ES,education,F
507,customer_8,modelB,2016-09-13 19:46:36,gas,500,40000,ES,education,F
508,customer_8,modelB,2018-04-10 16:23:32,gas,500,40000,ES,education,F
509,customer_8,modelB,2015-01-22 14:35:56,gas,500,40000,ES,education,F
510,customer_8,modelB,2010-10-13 03:46:01,gas,500,40000,ES,education,F
511,customer_8,modelB,2015-10-12 07:59:53,gas,500,40000,ES,education,F
512,customer_8,modelB,2016-11-08 12:40:38,gas,500,40000,ES,education,F
513,customer_8,modelB,2011-03-12 03:21:26,gas,500,40000,ES,education,F
514,customer_8,modelB,2013-04-06 04:18:04,gas,500,40000,ES,education,F
515,customer_8,modelB,2015-09-28 19:26:14,gas,500,40000,ES,education,F
516,customer_8,modelB,2010-05-29 11:23:19,gas,500,40000,ES,education,F
517,customer_8,modelB,2019-01-12 10:53:25,gas,500,40000,ES,education,F
518,customer_8,modelB,2012-04-20 13:29:11,gas,500,40000,ES,education,F
519,customer_8,modelC,2016-12-05 23:44:26,diesel,700,30000,ES,education,F
520,customer_8,modelC,2017-10-29 13:00:59,diesel,700,30000,ES,education,F
521,customer_8,modelC,2012-09-05 03:54:45,diesel,700,30000,ES,education,F
522,customer_8,modelC,2010-09-15 08:41:38,diesel,700,30000,ES,education,F
523,customer_8,modelC,2015-09-16 08:57:21,diesel,700,30000,ES,education,F
524,customer_8,modelC,2013-11-16 08:05:13,diesel,700,30000,ES,education,F
525,customer_8,modelC,2014-04-10 22:52:56,diesel,700,30000,ES,education,F
526,customer_8,modelC,2011-09-28 03:16:16,diesel,700,30000,ES,education,F
527,customer_8,modelC,2017-11-27 11:37:05,diesel,700,30000,ES,education,F
528,customer_8,modelC,2015-06-28 17:42:29,diesel,700,30000,ES,education,F
529,customer_8,modelC,2013-12-19 15:59:07,diesel,700,30000,ES,education,F
530,customer_8,modelC,2018-05-30 17:17:23,diesel,700,30000,ES,education,F
531,customer_8,modelC,2010-04-13 22:00:51,diesel,700,30000,ES,education,F
532,customer_8,modelC,2010-07-11 13:47:40,diesel,700,30000,ES,education,F
533,customer_8,modelA,2018-02-03 15:49:26,electric,300,50000,ES,education,F
534,customer_8,modelA,2015-05-07 15:56:51,electric,300,50000,ES,education,F
535,customer_8,modelA,2017-08-31 11:27:09,electric,300,50000,ES,education,F
536,customer_8,modelA,2013-11-30 12:29:46,electric,300,50000,ES,education,F
537,customer_8,modelA,2016-09-05 23:30:59,electric,300,50000,ES,education,F
538,customer_8,modelA,2019-04-25 17:29:51,electric,300,50000,ES,education,F
539,customer_8,modelA,2010-01-05 09:33:54,electric,300,50000,ES,education,F
540,customer_8,modelA,2011-04-27 15:14:31,electric,300,50000,ES,education,F
541,customer_8,modelA,2019-09-27 18:46:52,electric,300,50000,ES,education,F
542,customer_8,modelA,2013-02-12 11:16:53,electric,300,50000,ES,education,F
543,customer_8,modelA,2016-09-28 13:02:31,electric,300,50000,ES,education,F
544,customer_8,modelA,2014-04-12 14:35:35,electric,300,50000,ES,education,F
545,customer_8,modelA,2013-09-19 18:20:17,electric,300,50000,ES,education,F
546,customer_8,modelA,2019-11-09 21:29:40,electric,300,50000,ES,education,F
547,customer_8,modelA,2012-10-23 01:45:00,electric,300,50000,ES,education,F
548,customer_8,modelA,2014-03-13 21:03:04,electric,300,50000,ES,education,F
549,customer_8,modelA,2017-08-17 12:16:52,electric,300,50000,ES,education,F
550,customer_8,modelA,2018-07-08 01:14:37,electric,300,50000,ES,education,F
551,customer_5,modelB,2017-10-30 22:20:43,gas,500,40000,UK,retail,D
552,customer_5,modelB,2019-12-07 05:56:21,gas,500,40000,UK,retail,D
553,customer_5,modelB,2013-09-24 03:17:38,gas,500,40000,UK,retail,D
554,customer_5,modelB,2012-03-26 05:15:04,gas,500,40000,UK,retail,D
555,customer_5,modelB,2017-08-12 11:55:19,gas,500,40000,UK,retail,D
556,customer_5,modelB,2010-05-02 15:25:00,gas,500,40000,UK,retail,D
557,customer_5,modelB,2010-12-22 06:11:55,gas,500,40000,UK,retail,D
558,customer_5,modelB,2011-05-16 18:34:39,gas,500,40000,UK,retail,D
559,customer_5,modelB,2014-06-07 00:08:09,gas,500,40000,UK,retail,D
560,customer_5,modelB,2014-12-21 20:27:37,gas,500,40000,UK,retail,D
561,customer_5,modelB,2018-02-23 22:12:49,gas,500,40000,UK,retail,D
562,customer_5,modelB,2017-10-03 16:23:48,gas,500,40000,UK,retail,D
563,customer_5,modelB,2014-06-07 08:29:07,gas,500,40000,UK,retail,D
564,customer_5,modelB,2018-12-20 06:07:10,gas,500,40000,UK,retail,D
565,customer_5,modelB,2017-09-25 18:38:34,gas,500,40000,UK,retail,D
566,customer_5,modelB,2016-11-08 08:27:57,gas,500,40000,UK,retail,D
567,customer_5,modelC,2015-07-30 18:07:31,diesel,700,30000,UK,retail,D
568,customer_5,modelC,2016-08-04 16:13:07,diesel,700,30000,UK,retail,D
569,customer_5,modelC,2013-03-03 08:38:31,diesel,700,30000,UK,retail,D
570,customer_5,modelC,2017-05-15 07:50:07,diesel,700,30000,UK,retail,D
571,customer_5,modelC,2019-11-12 19:49:55,diesel,700,30000,UK,retail,D
572,customer_5,modelC,2016-08-12 03:25:54,diesel,700,30000,UK,retail,D
573,customer_5,modelC,2013-08-13 02:07:39,diesel,700,30000,UK,retail,D
574,customer_5,modelC,2015-10-07 18:33:11,diesel,700,30000,UK,retail,D
575,customer_5,modelC,2019-11-25 23:29:26,diesel,700,30000,UK,retail,D
576,customer_5,modelC,2011-03-27 00:34:56,diesel,700,30000,UK,retail,D
577,customer_5,modelC,2013-01-07 20:31:41,diesel,700,30000,UK,retail,D
578,customer_5,modelC,2012-05-22 16:09:17,diesel,700,30000,UK,retail,D
579,customer_5,modelC,2014-08-10 18:47:02,diesel,700,30000,UK,retail,D
580,customer_5,modelA,2012-03-10 10:02:51,electric,300,50000,UK,retail,D
581,customer_5,modelA,2015-12-16 18:27:35,electric,300,50000,UK,retail,D
582,customer_5,modelA,2018-11-29 18:24:31,electric,300,50000,UK,retail,D
583,customer_5,modelA,2011-07-06 04:27:23,electric,300,50000,UK,retail,D
584,customer_5,modelA,2011-08-25 04:18:52,electric,300,50000,UK,retail,D
585,customer_5,modelA,2012-03-21 13:18:37,electric,300,50000,UK,retail,D
586,customer_5,modelA,2018-01-29 00:01:53,electric,300,50000,UK,retail,D
587,customer_7,modelB,2016-10-27 02:26:21,gas,500,40000,FR,finance,C
588,customer_7,modelB,2016-12-09 05:56:24,gas,500,40000,FR,finance,C
589,customer_7,modelB,2012-08-15 15:03:20,gas,500,40000,FR,finance,C
590,customer_7,modelB,2015-04-10 15:19:21,gas,500,40000,FR,finance,C
591,customer_7,modelB,2010-12-16 14:01:07,gas,500,40000,FR,finance,C
592,customer_7,modelB,2019-06-16 05:19:46,gas,500,40000,FR,finance,C
593,customer_7,modelB,2014-07-06 09:10:42,gas,500,40000,FR,finance,C
594,customer_7,modelB,2017-06-08 02:00:17,gas,500,40000,FR,finance,C
595,customer_7,modelB,2015-07-28 19:37:24,gas,500,40000,FR,finance,C
596,customer_7,modelB,2018-03-20 11:41:47,gas,500,40000,FR,finance,C
597,customer_7,modelB,2018-12-11 15:11:42,gas,500,40000,FR,finance,C
598,customer_7,modelB,2019-06-05 18:26:46,gas,500,40000,FR,finance,C
599,customer_7,modelC,2010-02-03 09:01:16,diesel,700,30000,FR,finance,C
600,customer_7,modelC,2018-07-04 12:23:40,diesel,700,30000,FR,finance,C
601,customer_7,modelC,2019-11-09 00:12:28,diesel,700,30000,FR,finance,C
602,customer_7,modelC,2018-01-16 11:13:26,diesel,700,30000,FR,finance,C
603,customer_7,modelC,2017-05-02 00:06:56,diesel,700,30000,FR,finance,C
604,customer_7,modelC,2016-03-09 07:46:23,diesel,700,30000,FR,finance,C
605,customer_7,modelC,2016-01-26 00:50:55,diesel,700,30000,FR,finance,C
606,customer_7,modelC,2012-12-10 13:38:33,diesel,700,30000,FR,finance,C
607,customer_7,modelC,2010-04-08 10:04:33,diesel,700,30000,FR,finance,C
608,customer_7,modelC,2015-03-26 02:53:38,diesel,700,30000,FR,finance,C
609,customer_7,modelC,2019-09-13 16:36:22,diesel,700,30000,FR,finance,C
610,customer_7,modelC,2010-12-15 03:36:02,diesel,700,30000,FR,finance,C
611,customer_7,modelA,2018-10-02 05:30:29,electric,300,50000,FR,finance,C
612,customer_7,modelA,2019-02-04 03:22:39,electric,300,50000,FR,finance,C
613,customer_7,modelA,2016-01-05 22:59:07,electric,300,50000,FR,finance,C
614,customer_7,modelA,2010-01-22 22:17:40,electric,300,50000,FR,finance,C
615,customer_7,modelA,2017-11-29 18:42:42,electric,300,50000,FR,finance,C
616,customer_7,modelA,2015-06-16 05:40:30,electric,300,50000,FR,finance,C
617,customer_7,modelA,2019-07-13 20:55:47,electric,300,50000,FR,finance,C
618,customer_7,modelA,2017-02-13 07:15:03,electric,300,50000,FR,finance,C
619,customer_7,modelA,2012-07-19 14:33:14,electric,300,50000,FR,finance,C
620,customer_7,modelA,2014-07-18 06:38:15,electric,300,50000,FR,finance,C
621,customer_7,modelA,2012-07-14 17:00:44,electric,300,50000,FR,finance,C
622,customer_7,modelA,2014-01-10 18:05:23,electric,300,50000,FR,finance,C
623,customer_7,modelA,2015-02-02 09:55:28,electric,300,50000,FR,finance,C
624,customer_22,modelB,2016-08-14 02:06:51,gas,500,40000,DK,healthcare,B
625,customer_22,modelB,2014-03-01 14:10:14,gas,500,40000,DK,healthcare,B
626,customer_22,modelB,2017-11-01 13:26:31,gas,500,40000,DK,healthcare,B
627,customer_22,modelB,2015-05-12 02:43:45,gas,500,40000,DK,healthcare,B
628,customer_22,modelB,2017-02-06 13:27:42,gas,500,40000,DK,healthcare,B
629,customer_22,modelB,2013-12-10 03:08:21,gas,500,40000,DK,healthcare,B
630,customer_22,modelB,2013-11-23 11:25:56,gas,500,40000,DK,healthcare,B
631,customer_22,modelB,2017-02-20 18:09:23,gas,500,40000,DK,healthcare,B
632,customer_22,modelB,2018-02-07 00:09:40,gas,500,40000,DK,healthcare,B
633,customer_22,modelB,2019-01-07 03:28:30,gas,500,40000,DK,healthcare,B
634,customer_22,modelB,2011-03-15 02:23:18,gas,500,40000,DK,healthcare,B
635,customer_22,modelB,2019-06-29 09:47:17,gas,500,40000,DK,healthcare,B
636,customer_22,modelB,2018-05-09 09:27:35,gas,500,40000,DK,healthcare,B
637,customer_22,modelC,2018-02-06 08:43:52,diesel,700,30000,DK,healthcare,B
638,customer_22,modelC,2019-01-31 15:43:44,diesel,700,30000,DK,healthcare,B
639,customer_22,modelC,2016-03-01 01:10:12,diesel,700,30000,DK,healthcare,B
640,customer_22,modelC,2011-06-10 07:41:01,diesel,700,30000,DK,healthcare,B
641,customer_22,modelC,2016-05-08 05:54:24,diesel,700,30000,DK,healthcare,B
642,customer_22,modelC,2018-11-10 20:07:58,diesel,700,30000,DK,healthcare,B
643,customer_22,modelC,2012-07-05 06:17:35,diesel,700,30000,DK,healthcare,B
644,customer_22,modelC,2013-11-18 14:18:35,diesel,700,30000,DK,healthcare,B
645,customer_22,modelA,2018-06-22 13:01:33,electric,300,50000,DK,healthcare,B
646,customer_22,modelA,2011-12-20 15:34:19,electric,300,50000,DK,healthcare,B
647,customer_22,modelA,2014-06-05 23:20:25,electric,300,50000,DK,healthcare,B
648,customer_22,modelA,2015-03-22 23:58:28,electric,300,50000,DK,healthcare,B
649,customer_22,modelA,2012-06-05 06:44:26,electric,300,50000,DK,healthcare,B
650,customer_22,modelA,2016-08-06 00:09:32,electric,300,50000,DK,healthcare,B
651,customer_22,modelA,2011-05-17 11:44:54,electric,300,50000,DK,healthcare,B
652,customer_22,modelA,2016-03-23 14:32:50,electric,300,50000,DK,healthcare,B
653,customer_22,modelA,2017-08-28 03:29:06,electric,300,50000,DK,healthcare,B
654,customer_22,modelA,2018-04-01 18:11:51,electric,300,50000,DK,healthcare,B
655,customer_22,modelA,2015-07-26 12:16:57,electric,300,50000,DK,healthcare,B
656,customer_22,modelA,2016-09-18 22:31:14,electric,300,50000,DK,healthcare,B
657,customer_22,modelA,2012-05-13 00:20:00,electric,300,50000,DK,healthcare,B
658,customer_22,modelA,2011-11-02 08:13:25,electric,300,50000,DK,healthcare,B
659,customer_3,modelB,2010-03-05 00:51:38,gas,500,40000,DK,education,I
660,customer_3,modelB,2013-11-14 22:55:39,gas,500,40000,DK,education,I
661,customer_3,modelB,2018-06-14 04:03:54,gas,500,40000,DK,education,I
662,customer_3,modelB,2014-09-14 11:37:37,gas,500,40000,DK,education,I
663,customer_3,modelB,2011-05-26 07:15:34,gas,500,40000,DK,education,I
664,customer_3,modelB,2019-03-02 23:27:18,gas,500,40000,DK,education,I
665,customer_3,modelB,2013-09-12 13:39:45,gas,500,40000,DK,education,I
666,customer_3,modelB,2018-07-22 03:32:43,gas,500,40000,DK,education,I
667,customer_3,modelB,2011-09-09 19:41:20,gas,500,40000,DK,education,I
668,customer_3,modelB,2011-08-03 09:27:44,gas,500,40000,DK,education,I
669,customer_3,modelB,2018-07-15 23:13:21,gas,500,40000,DK,education,I
670,customer_3,modelB,2014-04-22 05:36:24,gas,500,40000,DK,education,I
671,customer_3,modelB,2012-05-15 21:48:05,gas,500,40000,DK,education,I
672,customer_3,modelB,2017-10-19 11:11:57,gas,500,40000,DK,education,I
673,customer_3,modelC,2010-03-20 15:11:13,diesel,700,30000,DK,education,I
674,customer_3,modelC,2011-12-15 02:33:52,diesel,700,30000,DK,education,I
675,customer_3,modelC,2014-05-28 11:32:27,diesel,700,30000,DK,education,I
676,customer_3,modelC,2013-08-23 07:24:56,diesel,700,30000,DK,education,I
677,customer_3,modelC,2016-11-03 08:18:59,diesel,700,30000,DK,education,I
678,customer_3,modelC,2016-04-30 13:01:04,diesel,700,30000,DK,education,I
679,customer_3,modelC,2010-07-19 07:17:26,diesel,700,30000,DK,education,I
680,customer_3,modelC,2013-09-04 09:59:45,diesel,700,30000,DK,education,I
681,customer_3,modelC,2012-07-21 16:45:47,diesel,700,30000,DK,education,I
682,customer_3,modelC,2010-03-31 22:14:11,diesel,700,30000,DK,education,I
683,customer_3,modelC,2010-10-16 09:22:59,diesel,700,30000,DK,education,I
684,customer_3,modelC,2010-02-07 21:02:22,diesel,700,30000,DK,education,I
685,customer_3,modelC,2018-03-15 07:24:40,diesel,700,30000,DK,education,I
686,customer_3,modelA,2015-02-01 09:55:14,electric,300,50000,DK,education,I
687,customer_3,modelA,2010-08-18 15:48:25,electric,300,50000,DK,education,I
688,customer_3,modelA,2013-12-05 23:35:13,electric,300,50000,DK,education,I
689,customer_3,modelA,2013-12-01 13:46:49,electric,300,50000,DK,education,I
690,customer_3,modelA,2016-01-29 17:11:08,electric,300,50000,DK,education,I
691,customer_3,modelA,2017-01-15 18:21:31,electric,300,50000,DK,education,I
692,customer_3,modelA,2017-12-05 09:10:51,electric,300,50000,DK,education,I
693,customer_3,modelA,2018-01-05 00:38:58,electric,300,50000,DK,education,I
694,customer_3,modelA,2017-04-28 10:06:53,electric,300,50000,DK,education,I
695,customer_3,modelA,2013-02-21 00:43:45,electric,300,50000,DK,education,I
696,customer_3,modelA,2011-04-25 11:12:06,electric,300,50000,DK,education,I
697,customer_3,modelA,2011-09-20 13:38:51,electric,300,50000,DK,education,I
698,customer_3,modelA,2015-10-11 00:34:41,electric,300,50000,DK,education,I
699,customer_3,modelA,2017-12-04 04:31:52,electric,300,50000,DK,education,I
700,customer_3,modelA,2017-11-12 06:58:59,electric,300,50000,DK,education,I
701,customer_3,modelA,2018-07-19 01:43:03,electric,300,50000,DK,education,I
702,customer_4,modelB,2014-11-28 04:39:01,gas,500,40000,IT,education,H
703,customer_4,modelB,2010-01-23 21:04:14,gas,500,40000,IT,education,H
704,customer_4,modelB,2019-12-24 18:06:11,gas,500,40000,IT,education,H
705,customer_4,modelB,2017-05-02 07:30:00,gas,500,40000,IT,education,H
706,customer_4,modelB,2016-07-07 21:52:44,gas,500,40000,IT,education,H
707,customer_4,modelB,2019-06-09 08:08:06,gas,500,40000,IT,education,H
708,customer_4,modelB,2017-09-26 09:38:01,gas,500,40000,IT,education,H
709,customer_4,modelB,2018-04-28 01:40:04,gas,500,40000,IT,education,H
710,customer_4,modelB,2013-08-16 05:44:40,gas,500,40000,IT,education,H
711,customer_4,modelB,2019-12-09 01:38:55,gas,500,40000,IT,education,H
712,customer_4,modelC,2011-10-20 13:08:36,diesel,700,30000,IT,education,H
713,customer_4,modelC,2014-09-24 15:09:13,diesel,700,30000,IT,education,H
714,customer_4,modelC,2011-12-09 21:16:51,diesel,700,30000,IT,education,H
715,customer_4,modelC,2019-09-30 06:05:43,diesel,700,30000,IT,education,H
716,customer_4,modelC,2014-01-05 19:47:12,diesel,700,30000,IT,education,H
717,customer_4,modelC,2013-01-06 17:25:04,diesel,700,30000,IT,education,H
718,customer_4,modelC,2014-10-21 10:13:33,diesel,700,30000,IT,education,H
719,customer_4,modelC,2016-12-10 16:40:42,diesel,700,30000,IT,education,H
720,customer_4,modelC,2011-06-07 12:59:16,diesel,700,30000,IT,education,H
721,customer_4,modelC,2014-07-19 09:41:59,diesel,700,30000,IT,education,H
722,customer_4,modelC,2011-01-06 16:54:18,diesel,700,30000,IT,education,H
723,customer_4,modelC,2011-08-06 10:38:39,diesel,700,30000,IT,education,H
724,customer_4,modelA,2010-06-27 04:59:39,electric,300,50000,IT,education,H
725,customer_4,modelA,2016-09-26 22:19:44,electric,300,50000,IT,education,H
726,customer_4,modelA,2012-02-12 22:09:57,electric,300,50000,IT,education,H
727,customer_4,modelA,2017-05-29 06:02:04,electric,300,50000,IT,education,H
728,customer_4,modelA,2019-03-14 12:20:07,electric,300,50000,IT,education,H
729,customer_4,modelA,2012-03-05 02:10:46,electric,300,50000,IT,education,H
730,customer_4,modelA,2017-01-28 08:46:44,electric,300,50000,IT,education,H
731,customer_4,modelA,2014-06-09 02:23:07,electric,300,50000,IT,education,H
732,customer_4,modelA,2010-06-16 08:06:09,electric,300,50000,IT,education,H
733,customer_4,modelA,2017-08-04 09:53:06,electric,300,50000,IT,education,H
734,customer_4,modelA,2016-07-23 00:15:25,electric,300,50000,IT,education,H
735,customer_4,modelA,2019-07-09 15:49:25,electric,300,50000,IT,education,H
736,customer_4,modelA,2014-06-10 12:31:57,electric,300,50000,IT,education,H
737,customer_4,modelA,2015-05-13 17:45:06,electric,300,50000,IT,education,H
738,customer_4,modelA,2013-03-01 18:46:15,electric,300,50000,IT,education,H
739,customer_15,modelB,2013-05-08 21:28:23,gas,500,40000,DE,other,I
740,customer_15,modelB,2011-12-01 06:26:28,gas,500,40000,DE,other,I
741,customer_15,modelB,2013-02-04 06:06:20,gas,500,40000,DE,other,I
742,customer_15,modelB,2016-10-08 08:13:45,gas,500,40000,DE,other,I
743,customer_15,modelB,2012-08-26 11:04:02,gas,500,40000,DE,other,I
744,customer_15,modelB,2018-09-15 05:23:11,gas,500,40000,DE,other,I
745,customer_15,modelB,2019-02-07 15:04:09,gas,500,40000,DE,other,I
746,customer_15,modelB,2016-04-28 11:50:40,gas,500,40000,DE,other,I
747,customer_15,modelB,2011-05-28 09:12:44,gas,500,40000,DE,other,I
748,customer_15,modelB,2012-01-10 05:21:25,gas,500,40000,DE,other,I
749,customer_15,modelB,2017-06-05 13:09:13,gas,500,40000,DE,other,I
750,customer_15,modelB,2011-01-02 06:43:50,gas,500,40000,DE,other,I
751,customer_15,modelB,2018-09-19 18:56:13,gas,500,40000,DE,other,I
752,customer_15,modelB,2015-12-26 02:53:41,gas,500,40000,DE,other,I
753,customer_15,modelC,2019-08-30 16:40:37,diesel,700,30000,DE,other,I
754,customer_15,modelC,2011-02-22 18:27:12,diesel,700,30000,DE,other,I
755,customer_15,modelC,2016-06-27 19:14:34,diesel,700,30000,DE,other,I
756,customer_15,modelC,2019-07-16 14:17:14,diesel,700,30000,DE,other,I
757,customer_15,modelC,2012-01-24 23:12:11,diesel,700,30000,DE,other,I
758,customer_15,modelC,2019-04-01 19:15:42,diesel,700,30000,DE,other,I
759,customer_15,modelC,2012-03-21 08:11:19,diesel,700,30000,DE,other,I
760,customer_15,modelC,2014-09-17 03:40:47,diesel,700,30000,DE,other,I
761,customer_15,modelC,2013-02-24 21:50:17,diesel,700,30000,DE,other,I
762,customer_15,modelC,2019-10-11 05:18:25,diesel,700,30000,DE,other,I
763,customer_15,modelC,2012-12-09 04:18:44,diesel,700,30000,DE,other,I
764,customer_15,modelC,2014-01-11 23:47:14,diesel,700,30000,DE,other,I
765,customer_15,modelC,2014-11-17 09:32:59,diesel,700,30000,DE,other,I
766,customer_15,modelC,2017-03-16 19:01:13,diesel,700,30000,DE,other,I
767,customer_15,modelC,2017-06-27 22:55:07,diesel,700,30000,DE,other,I
768,customer_15,modelC,2014-03-04 10:43:57,diesel,700,30000,DE,other,I
769,customer_15,modelC,2012-10-03 21:23:43,diesel,700,30000,DE,other,I
770,customer_15,modelC,2014-12-28 02:59:18,diesel,700,30000,DE,other,I
771,customer_15,modelA,2016-06-22 01:38:21,electric,300,50000,DE,other,I
772,customer_15,modelA,2018-05-07 01:19:09,electric,300,50000,DE,other,I
773,customer_15,modelA,2018-06-16 16:44:39,electric,300,50000,DE,other,I
774,customer_15,modelA,2017-10-03 12:00:13,electric,300,50000,DE,other,I
775,customer_15,modelA,2015-06-18 08:47:53,electric,300,50000,DE,other,I
776,customer_15,modelA,2019-06-16 09:32:10,electric,300,50000,DE,other,I
777,customer_15,modelA,2014-11-09 14:07:57,electric,300,50000,DE,other,I
778,customer_15,modelA,2019-03-19 20:52:46,electric,300,50000,DE,other,I
779,customer_15,modelA,2012-11-03 00:39:29,electric,300,50000,DE,other,I
780,customer_15,modelA,2012-02-07 11:15:11,electric,300,50000,DE,other,I
781,customer_15,modelA,2010-01-24 00:29:01,electric,300,50000,DE,other,I
782,customer_15,modelA,2011-03-20 17:46:50,electric,300,50000,DE,other,I
783,customer_15,modelA,2019-11-13 05:10:23,electric,300,50000,DE,other,I
784,customer_15,modelA,2017-12-23 15:21:24,electric,300,50000,DE,other,I
785,customer_17,modelB,2016-11-03 20:29:24,gas,500,40000,ES,healthcare,D
786,customer_17,modelB,2010-12-02 08:34:34,gas,500,40000,ES,healthcare,D
787,customer_17,modelB,2019-04-11 13:42:59,gas,500,40000,ES,healthcare,D
788,customer_17,modelB,2010-05-03 06:31:52,gas,500,40000,ES,healthcare,D
789,customer_17,modelB,2010-12-22 04:51:21,gas,500,40000,ES,healthcare,D
790,customer_17,modelB,2011-07-29 02:32:41,gas,500,40000,ES,healthcare,D
791,customer_17,modelB,2012-07-13 03:41:25,gas,500,40000,ES,healthcare,D
792,customer_17,modelB,2013-02-18 19:19:06,gas,500,40000,ES,healthcare,D
793,customer_17,modelB,2012-10-23 00:41:14,gas,500,40000,ES,healthcare,D
794,customer_17,modelB,2016-06-07 11:08:00,gas,500,40000,ES,healthcare,D
795,customer_17,modelB,2019-12-11 05:06:29,gas,500,40000,ES,healthcare,D
796,customer_17,modelB,2013-11-12 06:33:25,gas,500,40000,ES,healthcare,D
797,customer_17,modelB,2014-10-29 11:17:41,gas,500,40000,ES,healthcare,D
798,customer_17,modelC,2016-03-29 06:30:08,diesel,700,30000,ES,healthcare,D
799,customer_17,modelC,2015-04-12 11:43:14,diesel,700,30000,ES,healthcare,D
800,customer_17,modelC,2015-06-11 13:21:00,diesel,700,30000,ES,healthcare,D
801,customer_17,modelC,2013-03-17 17:44:18,diesel,700,30000,ES,healthcare,D
802,customer_17,modelC,2012-06-14 11:43:30,diesel,700,30000,ES,healthcare,D
803,customer_17,modelC,2012-12-31 11:37:19,diesel,700,30000,ES,healthcare,D
804,customer_17,modelC,2017-05-09 19:51:03,diesel,700,30000,ES,healthcare,D
805,customer_17,modelC,2012-08-14 02:11:52,diesel,700,30000,ES,healthcare,D
806,customer_17,modelC,2019-01-11 12:12:57,diesel,700,30000,ES,healthcare,D
807,customer_17,modelC,2017-08-16 04:57:38,diesel,700,30000,ES,healthcare,D
808,customer_17,modelC,2011-06-20 05:43:30,diesel,700,30000,ES,healthcare,D
809,customer_17,modelC,2013-04-04 12:56:14,diesel,700,30000,ES,healthcare,D
810,customer_17,modelC,2011-02-07 19:06:25,diesel,700,30000,ES,healthcare,D
811,customer_17,modelC,2018-04-01 15:40:18,diesel,700,30000,ES,healthcare,D
812,customer_17,modelC,2015-08-16 17:32:08,diesel,700,30000,ES,healthcare,D
813,customer_17,modelA,2011-07-26 12:36:03,electric,300,50000,ES,healthcare,D
814,customer_17,modelA,2010-10-15 08:53:42,electric,300,50000,ES,healthcare,D
815,customer_17,modelA,2019-08-31 04:00:48,electric,300,50000,ES,healthcare,D
816,customer_17,modelA,2018-03-28 21:50:21,electric,300,50000,ES,healthcare,D
817,customer_17,modelA,2018-04-08 12:48:54,electric,300,50000,ES,healthcare,D
818,customer_17,modelA,2011-04-24 15:11:36,electric,300,50000,ES,healthcare,D
819,customer_17,modelA,2013-03-31 14:05:35,electric,300,50000,ES,healthcare,D
820,customer_17,modelA,2016-11-12 23:29:42,electric,300,50000,ES,healthcare,D
821,customer_17,modelA,2016-10-04 16:51:28,electric,300,50000,ES,healthcare,D
822,customer_17,modelA,2013-05-27 22:53:22,electric,300,50000,ES,healthcare,D
823,customer_17,modelA,2015-12-29 05:21:17,electric,300,50000,ES,healthcare,D
824,customer_17,modelA,2012-10-07 06:22:58,electric,300,50000,ES,healthcare,D
825,customer_17,modelA,2012-08-21 18:07:08,electric,300,50000,ES,healthcare,D
826,customer_17,modelA,2013-11-15 19:26:31,electric,300,50000,ES,healthcare,D
827,customer_17,modelA,2018-05-29 10:20:49,electric,300,50000,ES,healthcare,D
828,customer_17,modelA,2019-01-10 10:56:21,electric,300,50000,ES,healthcare,D
829,customer_17,modelA,2015-12-30 06:29:00,electric,300,50000,ES,healthcare,D
830,customer_18,modelB,2017-06-23 15:25:03,gas,500,40000,NO,retail,D
831,customer_18,modelB,2015-08-28 20:56:56,gas,500,40000,NO,retail,D
832,customer_18,modelB,2016-06-15 12:30:24,gas,500,40000,NO,retail,D
833,customer_18,modelB,2012-04-07 20:40:22,gas,500,40000,NO,retail,D
834,customer_18,modelB,2016-09-15 05:39:54,gas,500,40000,NO,retail,D
835,customer_18,modelB,2013-02-23 15:12:51,gas,500,40000,NO,retail,D
836,customer_18,modelB,2014-02-25 02:29:20,gas,500,40000,NO,retail,D
837,customer_18,modelB,2017-11-11 01:24:43,gas,500,40000,NO,retail,D
838,customer_18,modelB,2019-12-17 18:54:05,gas,500,40000,NO,retail,D
839,customer_18,modelB,2011-09-28 10:32:42,gas,500,40000,NO,retail,D
840,customer_18,modelB,2014-08-06 22:12:34,gas,500,40000,NO,retail,D
841,customer_18,modelB,2011-10-07 01:32:26,gas,500,40000,NO,retail,D
842,customer_18,modelB,2016-07-28 05:18:57,gas,500,40000,NO,retail,D
843,customer_18,modelC,2016-02-24 04:35:05,diesel,700,30000,NO,retail,D
844,customer_18,modelC,2011-05-07 21:33:54,diesel,700,30000,NO,retail,D
845,customer_18,modelC,2016-07-13 04:16:51,diesel,700,30000,NO,retail,D
846,customer_18,modelC,2018-03-14 14:01:43,diesel,700,30000,NO,retail,D
847,customer_18,modelC,2017-09-04 17:22:50,diesel,700,30000,NO,retail,D
848,customer_18,modelC,2010-03-10 13:31:07,diesel,700,30000,NO,retail,D
849,customer_18,modelC,2012-01-03 00:25:35,diesel,700,30000,NO,retail,D
850,customer_18,modelC,2015-05-23 13:44:55,diesel,700,30000,NO,retail,D
851,customer_18,modelC,2010-11-19 14:40:27,diesel,700,30000,NO,retail,D
852,customer_18,modelC,2019-02-05 23:06:59,diesel,700,30000,NO,retail,D
853,customer_18,modelC,2012-04-07 02:19:16,diesel,700,30000,NO,retail,D
854,customer_18,modelC,2017-02-26 01:08:02,diesel,700,30000,NO,retail,D
855,customer_18,modelC,2017-01-18 01:04:40,diesel,700,30000,NO,retail,D
856,customer_18,modelC,2013-08-16 04:58:51,diesel,700,30000,NO,retail,D
857,customer_18,modelA,2012-05-20 19:52:26,electric,300,50000,NO,retail,D
858,customer_18,modelA,2013-08-03 06:58:22,electric,300,50000,NO,retail,D
859,customer_18,modelA,2019-02-28 17:27:13,electric,300,50000,NO,retail,D
860,customer_18,modelA,2010-08-27 05:52:53,electric,300,50000,NO,retail,D
861,customer_18,modelA,2010-12-06 00:28:39,electric,300,50000,NO,retail,D
862,customer_18,modelA,2010-06-04 05:33:26,electric,300,50000,NO,retail,D
863,customer_18,modelA,2018-10-14 04:49:20,electric,300,50000,NO,retail,D
864,customer_18,modelA,2017-02-21 18:56:35,electric,300,50000,NO,retail,D
865,customer_18,modelA,2015-12-06 22:58:57,electric,300,50000,NO,retail,D
866,customer_18,modelA,2013-11-10 16:07:00,electric,300,50000,NO,retail,D
867,customer_18,modelA,2013-03-17 10:00:03,electric,300,50000,NO,retail,D
868,customer_18,modelA,2013-04-21 19:03:43,electric,300,50000,NO,retail,D
869,customer_24,modelB,2016-11-08 10:26:23,gas,500,40000,IT,finance,I
870,customer_24,modelB,2015-07-17 22:45:57,gas,500,40000,IT,finance,I
871,customer_24,modelB,2011-03-06 20:39:45,gas,500,40000,IT,finance,I
872,customer_24,modelB,2015-06-10 09:10:27,gas,500,40000,IT,finance,I
873,customer_24,modelB,2016-04-20 06:30:13,gas,500,40000,IT,finance,I
874,customer_24,modelB,2019-11-25 05:16:16,gas,500,40000,IT,finance,I
875,customer_24,modelB,2018-12-18 15:57:25,gas,500,40000,IT,finance,I
876,customer_24,modelB,2018-02-11 04:30:47,gas,500,40000,IT,finance,I
877,customer_24,modelB,2019-01-07 20:16:27,gas,500,40000,IT,finance,I
878,customer_24,modelB,2015-12-11 22:19:13,gas,500,40000,IT,finance,I
879,customer_24,modelC,2019-09-21 14:37:48,diesel,700,30000,IT,finance,I
880,customer_24,modelC,2012-06-07 09:50:59,diesel,700,30000,IT,finance,I
881,customer_24,modelC,2011-11-24 16:46:50,diesel,700,30000,IT,finance,I
882,customer_24,modelC,2013-12-16 20:52:06,diesel,700,30000,IT,finance,I
883,customer_24,modelC,2019-08-09 02:46:27,diesel,700,30000,IT,finance,I
884,customer_24,modelC,2017-05-20 16:01:24,diesel,700,30000,IT,finance,I
885,customer_24,modelC,2018-08-30 12:23:36,diesel,700,30000,IT,finance,I
886,customer_24,modelC,2019-06-13 04:23:57,diesel,700,30000,IT,finance,I
887,customer_24,modelC,2019-03-28 16:15:06,diesel,700,30000,IT,finance,I
888,customer_24,modelC,2013-03-06 21:46:02,diesel,700,30000,IT,finance,I
889,customer_24,modelC,2018-12-03 22:39:12,diesel,700,30000,IT,finance,I
890,customer_24,modelC,2010-11-07 08:35:09,diesel,700,30000,IT,finance,I
891,customer_24,modelC,2014-06-24 17:02:44,diesel,700,30000,IT,finance,I
892,customer_24,modelC,2011-05-18 14:21:57,diesel,700,30000,IT,finance,I
893,customer_24,modelC,2014-07-28 10:23:45,diesel,700,30000,IT,finance,I
894,customer_24,modelC,2019-08-13 12:29:31,diesel,700,30000,IT,finance,I
895,customer_24,modelC,2011-01-25 00:12:31,diesel,700,30000,IT,finance,I
896,customer_24,modelC,2012-10-24 23:40:36,diesel,700,30000,IT,finance,I
897,customer_24,modelC,2018-10-18 20:22:37,diesel,700,30000,IT,finance,I
898,customer_24,modelC,2018-11-30 17:32:20,diesel,700,30000,IT,finance,I
899,customer_24,modelC,2015-08-21 10:51:25,diesel,700,30000,IT,finance,I
900,customer_24,modelA,2019-01-07 07:50:11,electric,300,50000,IT,finance,I
901,customer_24,modelA,2013-12-29 06:32:16,electric,300,50000,IT,finance,I
902,customer_24,modelA,2016-04-09 09:11:34,electric,300,50000,IT,finance,I
903,customer_24,modelA,2012-12-25 20:00:22,electric,300,50000,IT,finance,I
904,customer_24,modelA,2013-09-24 23:25:34,electric,300,50000,IT,finance,I
905,customer_24,modelA,2013-01-14 04:09:10,electric,300,50000,IT,finance,I
906,customer_24,modelA,2014-01-22 08:29:38,electric,300,50000,IT,finance,I
907,customer_24,modelA,2019-12-28 07:19:31,electric,300,50000,IT,finance,I
908,customer_24,modelA,2018-05-12 12:19:10,electric,300,50000,IT,finance,I
909,customer_24,modelA,2015-05-01 10:52:42,electric,300,50000,IT,finance,I
910,customer_24,modelA,2014-07-06 06:59:03,electric,300,50000,IT,finance,I
911,customer_24,modelA,2019-12-04 03:20:50,electric,300,50000,IT,finance,I
912,customer_24,modelA,2011-01-19 21:28:02,electric,300,50000,IT,finance,I
913,customer_24,modelA,2011-02-20 02:35:09,electric,300,50000,IT,finance,I
914,customer_24,modelA,2015-10-30 04:44:02,electric,300,50000,IT,finance,I
915,customer_12,modelB,2015-09-20 05:03:06,gas,500,40000,IT,healthcare,B
916,customer_12,modelB,2018-06-10 19:07:46,gas,500,40000,IT,healthcare,B
917,customer_12,modelB,2010-07-05 01:37:50,gas,500,40000,IT,healthcare,B
918,customer_12,modelB,2011-09-24 22:38:32,gas,500,40000,IT,healthcare,B
919,customer_12,modelB,2019-09-08 19:41:36,gas,500,40000,IT,healthcare,B
920,customer_12,modelB,2014-09-12 21:25:19,gas,500,40000,IT,healthcare,B
921,customer_12,modelB,2014-12-08 19:43:24,gas,500,40000,IT,healthcare,B
922,customer_12,modelB,2018-03-18 13:57:54,gas,500,40000,IT,healthcare,B
923,customer_12,modelB,2017-12-30 04:29:45,gas,500,40000,IT,healthcare,B
924,customer_12,modelB,2017-11-01 15:12:58,gas,500,40000,IT,healthcare,B
925,customer_12,modelC,2015-06-15 13:57:41,diesel,700,30000,IT,healthcare,B
926,customer_12,modelC,2016-02-06 16:36:21,diesel,700,30000,IT,healthcare,B
927,customer_12,modelC,2019-01-07 02:48:48,diesel,700,30000,IT,healthcare,B
928,customer_12,modelC,2017-09-11 13:02:30,diesel,700,30000,IT,healthcare,B
929,customer_12,modelC,2017-03-03 10:49:22,diesel,700,30000,IT,healthcare,B
930,customer_12,modelC,2017-07-14 23:10:56,diesel,700,30000,IT,healthcare,B
931,customer_12,modelC,2019-07-19 19:53:21,diesel,700,30000,IT,healthcare,B
932,customer_12,modelC,2017-01-26 06:29:06,diesel,700,30000,IT,healthcare,B
933,customer_12,modelC,2017-04-15 16:50:48,diesel,700,30000,IT,healthcare,B
934,customer_12,modelC,2015-12-28 19:23:15,diesel,700,30000,IT,healthcare,B
935,customer_12,modelA,2017-08-08 18:38:31,electric,300,50000,IT,healthcare,B
936,customer_12,modelA,2011-07-03 16:23:40,electric,300,50000,IT,healthcare,B
937,customer_12,modelA,2010-08-05 02:32:22,electric,300,50000,IT,healthcare,B
938,customer_12,modelA,2012-12-08 04:33:06,electric,300,50000,IT,healthcare,B
939,customer_12,modelA,2012-05-14 19:14:31,electric,300,50000,IT,healthcare,B
940,customer_12,modelA,2011-11-17 09:19:34,electric,300,50000,IT,healthcare,B
941,customer_12,modelA,2010-01-20 04:09:52,electric,300,50000,IT,healthcare,B
942,customer_12,modelA,2010-02-16 12:31:02,electric,300,50000,IT,healthcare,B
943,customer_12,modelA,2014-03-13 07:31:36,electric,300,50000,IT,healthcare,B
944,customer_12,modelA,2010-07-14 23:00:18,electric,300,50000,IT,healthcare,B
945,customer_12,modelA,2018-06-07 17:50:32,electric,300,50000,IT,healthcare,B
946,customer_19,modelB,2014-04-23 21:56:56,gas,500,40000,UK,tech,F
947,customer_19,modelB,2014-01-08 13:26:49,gas,500,40000,UK,tech,F
948,customer_19,modelB,2017-04-14 09:12:53,gas,500,40000,UK,tech,F
949,customer_19,modelB,2017-01-01 05:54:13,gas,500,40000,UK,tech,F
950,customer_19,modelB,2019-10-17 12:54:49,gas,500,40000,UK,tech,F
951,customer_19,modelB,2018-07-16 10:05:51,gas,500,40000,UK,tech,F
952,customer_19,modelB,2018-05-01 01:16:35,gas,500,40000,UK,tech,F
953,customer_19,modelB,2014-07-30 21:34:22,gas,500,40000,UK,tech,F
954,customer_19,modelB,2016-08-31 09:20:59,gas,500,40000,UK,tech,F
955,customer_19,modelB,2015-01-10 21:39:38,gas,500,40000,UK,tech,F
956,customer_19,modelB,2013-12-13 23:48:25,gas,500,40000,UK,tech,F
957,customer_19,modelB,2014-09-13 20:07:35,gas,500,40000,UK,tech,F
958,customer_19,modelB,2011-03-08 14:38:07,gas,500,40000,UK,tech,F
959,customer_19,modelB,2011-01-29 20:00:55,gas,500,40000,UK,tech,F
960,customer_19,modelB,2019-03-16 13:33:52,gas,500,40000,UK,tech,F
961,customer_19,modelB,2014-10-05 19:44:48,gas,500,40000,UK,tech,F
962,customer_19,modelB,2011-02-14 15:29:51,gas,500,40000,UK,tech,F
963,customer_19,modelB,2015-03-25 17:26:38,gas,500,40000,UK,tech,F
964,customer_19,modelB,2013-12-08 19:21:13,gas,500,40000,UK,tech,F
965,customer_19,modelC,2014-07-15 17:37:28,diesel,700,30000,UK,tech,F
966,customer_19,modelC,2017-06-30 12:20:36,diesel,700,30000,UK,tech,F
967,customer_19,modelC,2018-08-25 16:07:31,diesel,700,30000,UK,tech,F
968,customer_19,modelC,2011-11-11 15:05:09,diesel,700,30000,UK,tech,F
969,customer_19,modelC,2013-12-02 10:51:22,diesel,700,30000,UK,tech,F
970,customer_19,modelC,2017-03-03 01:50:37,diesel,700,30000,UK,tech,F
971,customer_19,modelC,2016-09-07 20:57:02,diesel,700,30000,UK,tech,F
972,customer_19,modelC,2014-06-08 19:17:28,diesel,700,30000,UK,tech,F
973,customer_19,modelC,2017-03-19 14:51:32,diesel,700,30000,UK,tech,F
974,customer_19,modelC,2015-09-15 10:57:18,diesel,700,30000,UK,tech,F
975,customer_19,modelC,2019-07-25 07:13:07,diesel,700,30000,UK,tech,F
976,customer_19,modelC,2013-10-06 10:09:27,diesel,700,30000,UK,tech,F
977,customer_19,modelC,2011-01-14 15:58:45,diesel,700,30000,UK,tech,F
978,customer_19,modelC,2012-02-28 14:15:40,diesel,700,30000,UK,tech,F
979,customer_19,modelC,2014-08-29 14:40:52,diesel,700,30000,UK,tech,F
980,customer_19,modelC,2013-05-28 01:44:11,diesel,700,30000,UK,tech,F
981,customer_19,modelC,2019-01-28 16:45:10,diesel,700,30000,UK,tech,F
982,customer_19,modelC,2013-08-17 21:55:28,diesel,700,30000,UK,tech,F
983,customer_19,modelC,2012-10-23 06:54:29,diesel,700,30000,UK,tech,F
984,customer_19,modelA,2015-03-02 23:03:48,electric,300,50000,UK,tech,F
985,customer_19,modelA,2016-11-11 03:39:07,electric,300,50000,UK,tech,F
986,customer_19,modelA,2015-03-25 13:10:13,electric,300,50000,UK,tech,F
987,customer_19,modelA,2012-03-16 15:20:56,electric,300,50000,UK,tech,F
988,customer_19,modelA,2011-07-19 18:35:39,electric,300,50000,UK,tech,F
989,customer_19,modelA,2010-11-22 08:29:25,electric,300,50000,UK,tech,F
990,customer_19,modelA,2018-06-21 18:21:09,electric,300,50000,UK,tech,F
991,customer_19,modelA,2018-09-16 16:36:37,electric,300,50000,UK,tech,F
992,customer_19,modelA,2017-06-21 00:07:30,electric,300,50000,UK,tech,F
993,customer_19,modelA,2011-07-07 15:45:05,electric,300,50000,UK,tech,F
994,customer_19,modelA,2017-12-11 14:44:16,electric,300,50000,UK,tech,F
995,customer_19,modelA,2011-11-04 21:49:46,electric,300,50000,UK,tech,F
996,customer_19,modelA,2017-07-08 22:24:49,electric,300,50000,UK,tech,F
997,customer_19,modelA,2018-12-27 05:56:48,electric,300,50000,UK,tech,F
998,customer_19,modelA,2010-10-09 00:43:32,electric,300,50000,UK,tech,F
999,customer_19,modelA,2015-06-06 21:08:47,electric,300,50000,UK,tech,F
